UnitID,SerialNo,Class,Site,Component,SuppressionGroup,SuppressionLifeUsed,Suppression%,CurrentUsage,CurrentLifeUsed,CurrentUOM,Current,NextChangeoutUsage,NextChangeoutLifeUsed,NextChangeoutDate,Overdue,LastChangeoutDetailsWorkorder,LastChangeoutDetailsUsage,LastChangeoutDetailsLifeUsed,LastChangeoutDetailsDate
200,4AR00371,793C,SiteB,1000.00.CC.0 ENGINE,B1,"6,085",41%,"98,211","6,085",Eng - Hrs,41%,"107,126","15,000",6-Feb-17,,KG83941-01,"92,126","14,974",14-Apr-14
200,4AR00371,793C,SiteB,1355.00.CC.0 THERMOSTAT/WATER TEMPERATURE REGULATOR,B2,"6,085",81%,"98,211","7,776",Eng - Hrs,85%,"99,626","9,191",22-Aug-15,,,"92,126",,14-Apr-14
200,4AR00371,793C,SiteB,1405.00.CC.0 ALTERNATOR,B2,"1,717",23%,"98,211","1,717",Eng - Hrs,23%,"103,994","7,500",28-Jun-16,,KH17617-01,"96,494","5,866",4-Feb-15
200,4AR00371,793C,SiteB,1802.00.CC.0 REFRIGERANT COMPRESSOR,B2,61,17%,"1,567",61,Days,6%,"2,568","1,062",6-Feb-18,,KH19644-01,"1,506",7,12-Mar-15
200,4AR00371,793C,SiteB,7312.00.CC.0 OPERATOR SEAT,C1,"1,440",24%,"98,211","1,440",Eng - Hrs,24%,"102,771","6,000",2-Apr-16,,KH18359-01,"96,771","4,645",18-Feb-15
200,4AR00371,793C,SiteB,7327.00.CC.0 SEAT BELTS,C2,"1,440",48%,"98,211","3,445",Eng - Hrs,69%,"99,771","5,005",1-Sep-15,,,"96,771",,18-Feb-15
200,4AR00371,793C,SiteB,3253.00.CC.0 DRIVESHAFT,D1,"9,728",81%,"98,211","9,728",Eng - Hrs,81%,"100,483","12,000",22-Oct-15,,KG75568-01,"88,483","16,474",25-Jul-13
200,4AR00371,793C,SiteB,3251.00.CC.0 UNIVERSAL JOINT,D2,"2,921",49%,"98,211","2,921",Eng - Hrs,26%,"106,483","11,193",22-Dec-16,,KH13831-01,"95,290","4,622",23-Nov-14
200,4AR00371,793C,SiteB,4307.00.CC.0 STEERING VALVE,S1,"34,773",116%,"98,211","34,773",Eng - Hrs,99%,"98,697","35,259",17-Jun-15,,,"63,438",,27-Jan-11
200,4AR00371,793C,SiteB,4307.00.RS.0 STEERING VALVE,S2,"34,773",232%,"98,211","34,773",Eng - Hrs,99%,"98,697","35,259",17-Jun-15,,,"63,438",,27-Jan-11
200,4AR00371,793C,SiteB,1000.00.GR.0 ENGINE,,,,"98,211",76,Eng - Hrs,30%,"98,385",250,25-May-15,,KH23060-01,"98,135",278,8-May-15
200,4AR00371,793C,SiteB,1050.00.GR.0 AIR INDUCTION & EXHAUST SYSTEM,,,,"98,211",104,Eng - Hrs,42%,"98,357",250,23-May-15,,KH22898-01,"98,107","3,341",6-May-15
200,4AR00371,793C,SiteB,1052.LF.CC.0 TURBOCHARGER,,,,"98,211","25,281",Eng - Hrs,85%,"102,780","29,850",2-Apr-16,,AMTKG18637,"72,930",0,27-Jan-11
200,4AR00371,793C,SiteB,1052.LR.CC.0 TURBOCHARGER,,,,"98,211","25,281",Eng - Hrs,85%,"102,780","29,850",2-Apr-16,,AMTKG18639,"72,930",0,27-Jan-11
200,4AR00371,793C,SiteB,1052.RF.CC.0 TURBOCHARGER,,,,"98,211","16,098",Eng - Hrs,81%,"102,063","19,950",11-Feb-16,,KG52464-01,"82,113","9,182",3-Jul-12
200,4AR00371,793C,SiteB,1052.RR.CC.0 TURBOCHARGER,,,,"98,211","25,281",Eng - Hrs,85%,"102,780","29,850",2-Apr-16,,AMTKG18638,"72,930",0,27-Jan-11
200,4AR00371,793C,SiteB,1054.IN.CC.0 AIR FILTER ELEMENT,,,,"98,211",609,Eng - Hrs,61%,"98,602","1,000",10-Jun-15,,KH21191-01,"97,602","1,108",6-Apr-15
200,4AR00371,793C,SiteB,1054.OU.CC.0 AIR FILTER ELEMENT,,,,"98,211",104,Eng - Hrs,21%,"98,607",500,10-Jun-15,,KH22896-01,"98,107",505,6-May-15
200,4AR00371,793C,SiteB,1062.00.GR.0 MUFFLER,,,,"98,211","27,869",Eng - Hrs,56%,"120,342","50,000",6-Sep-19,,,"70,342",,3-Sep-10
200,4AR00371,793C,SiteB,1100.00.GR.0 CYLINDER HEAD ASSEMBLY,,,,"98,211","98,211",Eng - Hrs,99%,"99,530","99,530",15-Aug-15,,,0,,27-Jan-11
200,4AR00371,793C,SiteB,1105.00.PMS.0 INLET/EXHAUST VALVE,,,,"98,211","1,717",Eng - Hrs,43%,"100,494","4,000",23-Oct-15,,KH17604-01,"96,494","4,107",4-Feb-15
200,4AR00371,793C,SiteB,1239.00.CC.0 CYLINDER PACK,,,,"98,211","9,479",Eng - Hrs,84%,"100,037","11,305",20-Sep-15,,KG77344-01,"88,732",0,10-Aug-13
200,4AR00371,793C,SiteB,1250.00.GR.0 FUEL SYSTEM,,,,"98,211","1,123",Eng - Hrs,7%,"112,088","15,000",26-Jan-18,,KH19372-01,"97,088","1,375",8-Mar-15
200,4AR00371,793C,SiteB,1273.00.GR.0 FUEL TANK,,,,"98,211","8,745",Eng - Hrs,100%,"98,214","8,748",13-May-15,,KG80086-01,"89,466","2,709",27-Sep-13
200,4AR00371,793C,SiteB,1290.00.GR.0 UNIT INJECTOR,,,,"98,211","2,227",Eng - Hrs,74%,"98,984","3,000",7-Jul-15,,KH15992-01,"95,984","3,165",6-Jan-15
200,4AR00371,793C,SiteB,1302.00.GR.0 ENGINE OIL PAN,,,,"98,211","14,425",Eng - Hrs,100%,"98,226","14,440",14-May-15,,KG58025-01,"83,786","5,215",8-Oct-12
200,4AR00371,793C,SiteB,1306.00.GR.0 ENGINE OIL FILTER HOUSING/BASE,,,,"98,211","10,459",Eng - Hrs,100%,"98,232","10,480",14-May-15,,KG73167-01,"87,752","87,752",9-Jun-13
200,4AR00371,793C,SiteB,1307.00.GR.0 ENGINE OIL LINES,,,,"98,211","2,227",Eng - Hrs,100%,"98,214","2,230",13-May-15,,KH15981-01,"95,984",0,6-Jan-15
200,4AR00371,793C,SiteB,1319.00.CC.0 PRELUBRICATION PUMP,,,,"98,211","7,542",Eng - Hrs,101%,"98,169","7,500",10-May-15,!,KG85541-01,"90,669","7,498",10-Jan-14
200,4AR00371,793C,SiteB,1350.00.GR.0 ENGINE COOLING SYSTEM,,,,"98,211",240,Eng - Hrs,96%,"98,221",250,14-May-15,,KH22435-01,"97,971",613,28-Apr-15
200,4AR00371,793C,SiteB,1352.00.PMS.0 COOLANT /CONDITIONER,,,,"98,211",354,Eng - Hrs,71%,"98,357",500,23-May-15,,KH18141-01,"97,857","1,645",20-Apr-15
200,4AR00371,793C,SiteB,1352.00.PMS.MAJOR COOLANT /CONDITIONER,,,,"98,211","6,085",Eng - Hrs,51%,"104,126","12,000",7-Jul-16,,KH00221-01,"92,126","22,732",14-Apr-14
200,4AR00371,793C,SiteB,1353.00.GR.0 RADIATOR,,,,"98,211","3,679",Eng - Hrs,99%,"98,247","3,715",15-May-15,,KH10693-01,"94,532",0,2-Oct-14
200,4AR00371,793C,SiteB,1359.00.CC.0 FAN DRIVE,,,,"98,211",854,Eng - Hrs,11%,"104,857","7,500",28-Aug-16,,KH20293-01,"97,357","6,839",22-Mar-15
200,4AR00371,793C,SiteB,1361.00.CC.0 WATER PUMP,,,,"98,211","4,862",Eng - Hrs,32%,"108,349","15,000",4-May-17,,KH05753-1W,"93,349","13,873",11-Jul-14
200,4AR00371,793C,SiteB,1361.00.GR.0 WATER PUMP,,,,"98,211","21,730",Eng - Hrs,100%,"98,263","21,782",17-May-15,,KG32599-01,"76,481","76,481",23-Jul-11
200,4AR00371,793C,SiteB,1363.00.CC.0 AFTERCOOLER WATER PUMP,,,,"98,211","5,245",Eng - Hrs,35%,"107,966","15,000",7-Apr-17,,KH04402-1W,"92,966","21,381",18-Jun-14
200,4AR00371,793C,SiteB,1363.00.GR.0 AFTERCOOLER WATER PUMP,,,,"98,211","98,211",Eng - Hrs,100%,"98,283","98,283",18-May-15,,,0,,27-Jan-10
200,4AR00371,793C,SiteB,1365.AOC.CC.0 BRK OIL COOLER,,,,"98,211","98,211",Eng - Hrs,99%,"99,120","99,120",17-Jul-15,,,0,,27-Jan-10
200,4AR00371,793C,SiteB,1365.FR.CC.0 BRK OIL COOLER,,,,"98,211","11,464",Eng - Hrs,72%,"102,747","16,000",31-Mar-16,,KG69169-01,"86,747","86,747",4-Apr-13
200,4AR00371,793C,SiteB,1365.RE.CC.0 BRK OIL COOLER,,,,"98,211","11,464",Eng - Hrs,72%,"102,747","16,000",31-Mar-16,,KG69170-01,"86,747","86,747",4-Apr-13
200,4AR00371,793C,SiteB,1378.00.GR.0 ENGINE OIL COOLER,,,,"98,211","1,170",Eng - Hrs,94%,"98,281","1,240",18-May-15,,AMT10W0004731,"97,041","5,875",5-Mar-15
200,4AR00371,793C,SiteB,1380.00.GR.0 COOLANT HOSE/LINES,,,,"98,211","1,170",Eng - Hrs,94%,"98,281","1,240",18-May-15,,KH19198-01,"97,041","2,077",5-Mar-15
200,4AR00371,793C,SiteB,1400.00.GR.0 ELECTRIC SYSTEM,,,,"98,211",104,Eng - Hrs,42%,"98,357",250,23-May-15,,KH22922-01,"98,107",27,6-May-15
200,4AR00371,793C,SiteB,1401.00.CC.0 BATTERY,,,,"98,211","3,679",Eng - Hrs,31%,"106,532","12,000",26-Dec-16,,KH10685-01,"94,532","1,443",2-Oct-14
200,4AR00371,793C,SiteB,1408.00.GR.0 WIRING HARNESS/HV CABLE,,,,"98,211","1,666",Eng - Hrs,96%,"98,280","1,735",18-May-15,,KH17765-01,"96,545",52,8-Feb-15
200,4AR00371,793C,SiteB,1429.00.GR.0 LIGHT(S),,,,"98,211","1,435",Eng - Hrs,96%,"98,264","1,488",17-May-15,,KH18386-01,"96,776",189,19-Feb-15
200,4AR00371,793C,SiteB,1451.00.CC.0 AIR STARTING MOTOR,,,,"98,211","11,488",Eng - Hrs,77%,"101,723","15,000",18-Jan-16,,KG68793-01,"86,723","86,723",30-Mar-13
200,4AR00371,793C,SiteB,1451.00.GR.0 AIR STARTING MOTOR,,,,"98,211","98,211",Eng - Hrs,100%,"98,210","98,210",13-May-15,!,,0,,27-Jan-11
200,4AR00371,793C,SiteB,1803.00.CC.0 AIR COMPRESSOR,,,,"98,211","9,964",Eng - Hrs,83%,"100,187","11,940",1-Oct-15,,KG75227-01,"88,247","14,331",9-Jul-13
200,4AR00371,793C,SiteB,1919.00.CC.0 EXHAUST TEMPERATUR SENSOR,,,,"98,211","98,211",Eng - Hrs,100%,"98,210","98,210",13-May-15,!,,0,,27-Jan-11
200,4AR00371,793C,SiteB,3000.00.GR.0 TRANSMISSION & DRIVE LINE,,,,"98,211",104,Eng - Hrs,42%,"98,357",250,23-May-15,,KH22967-01,"98,107",0,6-May-15
200,4AR00371,793C,SiteB,3101.00.GR.0 TORQUE CONVERTER,,,,"98,211","1,170",Eng - Hrs,94%,"98,281","1,240",18-May-15,,KH19193-01,"97,041",806,5-Mar-15
200,4AR00371,793C,SiteB,3108.00.CC.0 PUMP DRIVE GRP,,,,"98,211","6,085",Eng - Hrs,38%,"108,126","16,000",18-Apr-17,,KG89986-01,"92,126","34,828",14-Apr-14
200,4AR00371,793C,SiteB,3115.00.CC.0 TC/TRANS SCAVENGE PUMP,,,,"98,211","9,728",Eng - Hrs,61%,"104,483","16,000",2-Aug-16,,KG75569-01,"88,483","18,141",25-Jul-13
200,4AR00371,793C,SiteB,3138.00.CC.0 TORQUE CONVERTER&PARKING BRAKE PUMP,,,,"98,211","98,211",Eng - Hrs,97%,"101,120","101,120",6-Dec-15,,,0,,27-Jan-10
200,4AR00371,793C,SiteB,3154.00.GR.0 TRANSMISSION LINES/HOSES,,,,"98,211","3,445",Eng - Hrs,99%,"98,234","3,468",14-May-15,,KH11185-01,"94,766",0,16-Oct-14
200,4AR00371,793C,SiteB,3250.00.CC.0 DRIVE LINE/DRIVE AXLE,,,,"98,211","98,211",Eng - Hrs,95%,"103,900","103,900",21-Jun-16,,,0,,27-Jan-10
200,4AR00371,793C,SiteB,3251.AX.CC.0 UNIVERSAL JOINT,,,,"98,211","3,445",Eng - Hrs,46%,"102,266","7,500",26-Feb-16,,KH11486-01,"94,766","6,283",16-Oct-14
200,4AR00371,793C,SiteB,3258.00.GR.0 DIFFERENTIAL,,,,"98,211","3,247",Eng - Hrs,98%,"98,266","3,302",17-May-15,,KH12630-01,"94,964",52,4-Nov-14
200,4AR00371,793C,SiteB,3258.00.PMS.0 DIFFERENTIAL,,,,"98,211","6,085",Eng - Hrs,101%,"98,126","6,000",8-May-15,!,KG90634-01,"92,126","6,301",14-Apr-14
200,4AR00371,793C,SiteB,3260.00.CC.0 AXLE HOUSING ASSEMBLY,,,,"98,211","3,445",Eng - Hrs,16%,"116,766","22,000",25-Dec-18,,KH11482-01,"94,766","94,766",16-Oct-14
200,4AR00371,793C,SiteB,3260.00.GR.0 AXLE HOUSING ASSEMBLY,,,,"98,211","2,923",Eng - Hrs,98%,"98,261","2,973",16-May-15,,KH13678-01,"95,288",324,23-Nov-14
200,4AR00371,793C,SiteB,4011.00.GR.0 FINAL DRIVE & BRAKE,,,,"98,211",104,Eng - Hrs,42%,"98,357",250,23-May-15,,KH22951-01,"98,107","3,006",6-May-15
200,4AR00371,793C,SiteB,4215.LF.CC.0 WHEELHUB ASSEMBLY,,,,"98,211","17,033",Eng - Hrs,95%,"99,178","18,000",21-Jul-15,,KG49041-01,"81,178","15,055",4-May-12
200,4AR00371,793C,SiteB,4215.RF.CC.0 WHEELHUB ASSEMBLY,,,,"98,211","4,626",Eng - Hrs,26%,"111,585","18,000",21-Dec-17,,KH06819-01,"93,585","6,356",28-Jul-14
200,4AR00371,793C,SiteB,4250.00.GR.0 BRAKING SYSTEM,,,,"98,211",609,Eng - Hrs,92%,"98,265",663,17-May-15,,KH21207-01,"97,602",0,6-Apr-15
200,4AR00371,793C,SiteB,4257.00.GR.0 BRAKE LINES,,,,"98,211","3,686",Eng - Hrs,99%,"98,240","3,715",15-May-15,,KH10631-01,"94,525","2,138",1-Oct-14
200,4AR00371,793C,SiteB,4261.00.CC.0 BRAKE/SLACK ADJUSTER,,,,"98,211","98,211",Eng - Hrs,99%,"99,060","99,060",12-Jul-15,,,0,,27-Jan-10
200,4AR00371,793C,SiteB,4261.FR.CC.0 BRAKE/SLACK ADJUSTER,,,,"98,211","6,085",Eng - Hrs,101%,"98,126","6,000",8-May-15,!,KG89990-01,"92,126","6,038",14-Apr-14
200,4AR00371,793C,SiteB,4261.RE.CC.0 BRAKE/SLACK ADJUSTER,,,,"98,211","3,445",Eng - Hrs,57%,"100,766","6,000",11-Nov-15,,KH11484-01,"94,766","6,034",16-Oct-14
200,4AR00371,793C,SiteB,4277.LF.CC.0 BRAKE AIR OVER HYDRAULIC CYLINDER,,,,"98,211","7,776",Eng - Hrs,49%,"106,435","16,000",19-Dec-16,,KG84305-01,"90,435","15,630",20-Dec-13
200,4AR00371,793C,SiteB,4277.LR.CC.0 BRAKE AIR OVER HYDRAULIC CYLINDER,,,,"98,211","8,322",Eng - Hrs,52%,"105,889","16,000",10-Nov-16,,KG81808-01,"89,889","15,753",3-Nov-13
200,4AR00371,793C,SiteB,4277.RF.CC.0 BRAKE AIR OVER HYDRAULIC CYLINDER,,,,"98,211","7,776",Eng - Hrs,49%,"106,435","16,000",19-Dec-16,,KG84306-01,"90,435","15,630",20-Dec-13
200,4AR00371,793C,SiteB,4277.RR.CC.0 BRAKE AIR OVER HYDRAULIC CYLINDER,,,,"98,211","8,322",Eng - Hrs,52%,"105,889","16,000",10-Nov-16,,KG81809-01,"89,889","15,753",3-Nov-13
200,4AR00371,793C,SiteB,4280.00.CC.0 BRAKE AIR RELAY VALVE,,,,"98,211",854,Eng - Hrs,14%,"103,357","6,000",14-May-16,,KH20356-01,"97,357","5,958",22-Mar-15
200,4AR00371,793C,SiteB,4285.00.PMS.0 AIR DRYER,,,,"98,211","1,170",Eng - Hrs,89%,"98,357","1,316",23-May-15,,KH17999-01,"97,041","1,613",5-Mar-15
200,4AR00371,793C,SiteB,4300.00.GR.0 STEERING SYSTEM,,,,"98,211",104,Eng - Hrs,42%,"98,357",250,23-May-15,,KH22942-01,"98,107","3,143",6-May-15
200,4AR00371,793C,SiteB,4303.00.GR.0 STEERING CYLD,,,,"98,211","6,575",Eng - Hrs,100%,"98,239","6,603",15-May-15,,KG89680-01,"91,636","17,499",12-Mar-14
200,4AR00371,793C,SiteB,4304.00.CC.0 STEERING LINES/HOSES,,,,"98,211","6,085",Eng - Hrs,41%,"107,126","15,000",6-Feb-17,,KG89982-01,"92,126","34,828",14-Apr-14
200,4AR00371,793C,SiteB,4304.00.GR.0 STEERING LINES/HOSES,,,,"98,211",298,Eng - Hrs,89%,"98,246",333,15-May-15,,KH22205-01,"97,913",272,24-Apr-15
200,4AR00371,793C,SiteB,4305.00.GR.0 STEERING LINKAGE,,,,"98,211","5,175",Eng - Hrs,100%,"98,236","5,200",15-May-15,,KH04595-01,"93,036",846,22-Jun-14
200,4AR00371,793C,SiteB,4306.00.CC.0 STEERING PUMP,,,,"98,211","10,459",Eng - Hrs,65%,"103,752","16,000",11-Jun-16,,KG66242-01,"87,752","24,680",9-Jun-13
200,4AR00371,793C,SiteB,4312.00.CC.0 HMU,,,,"98,211","20,702",Eng - Hrs,99%,"98,357","20,848",23-May-15,,KG35757-01,"77,509","20,211",25-Sep-11
200,4AR00371,793C,SiteB,4331.FR.CC.0 STEERING ACCUMULATOR,,,,"98,211","6,085",Eng - Hrs,38%,"108,126","16,000",18-Apr-17,,KG89991-01,"92,126","15,140",14-Apr-14
200,4AR00371,793C,SiteB,4331.RE.CC.0 STEERING ACCUMULATOR,,,,"98,211","3,866",Eng - Hrs,24%,"110,345","16,000",23-Sep-17,,KH09794-01,"94,345","7,116",19-Sep-14
200,4AR00371,793C,SiteB,5050.00.GR.0 HYDRAULIC SYSTEM,,,,"98,211",831,Eng - Hrs,91%,"98,290",910,18-May-15,,KH20486-01,"97,380",430,25-Mar-15
200,4AR00371,793C,SiteB,5057.00.GR.0 HYDRAULIC HOSE/LINES,,,,"98,211",354,Eng - Hrs,85%,"98,272",415,17-May-15,,KH21957-01,"97,857",255,20-Apr-15
200,4AR00371,793C,SiteB,5083.00.CC.0 HYDRAULIC HOIST PUMP,,,,"98,211","12,895",Eng - Hrs,86%,"100,316","15,000",10-Oct-15,,KG62630-01,"85,316","25,541",5-Jan-13
200,4AR00371,793C,SiteB,5102.MT.GI.0 HOIST CYLINDER,,,,"98,211",354,Eng - Hrs,12%,"100,857","3,000",17-Nov-15,,KH21955-01,"97,857","2,893",20-Apr-15
200,4AR00371,793C,SiteB,5505.00.GR.0 AIR RECEIVER/TANK,,,,"98,211","2,783",Eng - Hrs,7%,"135,428","40,000",16-Aug-22,,KH14365-01,"95,428","3,691",4-Dec-14
200,4AR00371,793C,SiteB,7050.00.GI.0 FRAME,,,,"98,211",104,Eng - Hrs,42%,"98,357",250,23-May-15,,KH22897-01,"98,107",250,6-May-15
200,4AR00371,793C,SiteB,7050.00.GR.0 FRAME,,,,"98,211","2,783",Eng - Hrs,99%,"98,236","2,808",15-May-15,,KH14369-01,"95,428","1,843",4-Dec-14
200,4AR00371,793C,SiteB,7201.00.GR.0 SUSPENSION CYLINDER,,,,"98,211","3,660",Eng - Hrs,99%,"98,266","3,715",17-May-15,,KH10777-01,"94,551","6,304",4-Oct-14
200,4AR00371,793C,SiteB,7201.00.PMS.0 SUSPENSION CYLINDER,,,,"98,211",354,Eng - Hrs,12%,"100,857","3,000",17-Nov-15,,KH21958-01,"97,857","2,893",20-Apr-15
200,4AR00371,793C,SiteB,7203.00.CC.0 PANHARD/STABILIZER ROD/DOGBONE,,,,"98,211","98,211",Eng - Hrs,96%,"102,830","102,830",6-Apr-16,,,0,,27-Jan-11
200,4AR00371,793C,SiteB,7250.00.GR.0 BODY,,,,"98,211","1,170",Eng - Hrs,94%,"98,281","1,240",18-May-15,,KH19206-01,"97,041","2,275",5-Mar-15
200,4AR00371,793C,SiteB,7253.00.GR.0 PLATFORM/DECK,,,,"98,211",104,Eng - Hrs,42%,"98,357",250,23-May-15,,KH22902-01,"98,107","4,754",6-May-15
200,4AR00371,793C,SiteB,7254.00.CC.0 LADDER/STEP,,,,"98,211","8,322",Eng - Hrs,84%,"99,839","9,950",6-Sep-15,,KG82314-01,"89,889","6,281",3-Nov-13
200,4AR00371,793C,SiteB,7254.00.GR.0 LADDER/STEP,,,,"98,211",881,Eng - Hrs,97%,"98,240",910,15-May-15,,KH20196-01,"97,330","2,564",21-Mar-15
200,4AR00371,793C,SiteB,7256.00.GR.0 HANDHOLD,,,,"98,211","1,727",Eng - Hrs,100%,"98,219","1,735",13-May-15,,KH17562-01,"96,484",129,3-Feb-15
200,4AR00371,793C,SiteB,7258.00.GR.0 DUMP BODY,,,,"98,211",103,Eng - Hrs,41%,"98,358",250,23-May-15,,KH22888-01,"98,108",84,6-May-15
200,4AR00371,793C,SiteB,7258.00.RI.0 DUMP BODY,,,,"98,211","11,469",Eng - Hrs,92%,"99,192","12,450",22-Jul-15,,KG69052-1E,"86,742","6,527",1-Apr-13
200,4AR00371,793C,SiteB,7305.00.GR.0 WINDSHIELD WIPER,,,,"98,211",204,Eng - Hrs,82%,"98,257",250,16-May-15,,KH22542-01,"98,007","3,613",30-Apr-15
200,4AR00371,793C,SiteB,7309.00.GI.0 HEATER & AIR CONDITIONER,,,,"1,567",51,Days,14%,"1,881",365,21-Mar-16,,KH20414-01,"1,516",405,22-Mar-15
200,4AR00371,793C,SiteB,7319.00.GR.0 MIRROR,,,,"98,211","1,003",Eng - Hrs,93%,"98,283","1,075",18-May-15,,KH19815-1E,"97,208","1,224",15-Mar-15
200,4AR00371,793C,SiteB,7320.00.GR.0 AIR CONDITIONER,,,,"98,211",104,Eng - Hrs,42%,"98,357",250,23-May-15,,KH22912-01,"98,107",446,6-May-15
200,4AR00371,793C,SiteB,7325.00.GR.0 ROPS/FOPS CAB,,,,"98,211",854,Eng - Hrs,94%,"98,267",910,17-May-15,,KH20413-01,"97,357",573,22-Mar-15
200,4AR00371,793C,SiteB,7338.00.RI.0 RADIO,,,,"98,211","18,017",Eng - Hrs,93%,"99,564","19,370",17-Aug-15,,KG45981-1E,"80,194",36,8-Mar-12
200,4AR00371,793C,SiteB,7342.00.CC.0 CAB AIR FILTER,,,,"98,211",104,Eng - Hrs,21%,"98,607",500,10-Jun-15,,KH22895-01,"98,107",505,6-May-15
200,4AR00371,793C,SiteB,7348.00.GR.0 CAMERA,,,,"98,211","17,708",Eng - Hrs,100%,"98,243","17,740",15-May-15,,KG34861-1E,"80,503","10,099",25-Mar-12
200,4AR00371,793C,SiteB,7401.00.CC.MAJOR FIRE SUPPRESSION SYSTEM,,,,"98,211","9,964",Eng - Hrs,28%,"123,247","35,000",31-Mar-20,,KG75248-01,"88,247","30,947",9-Jul-13
200,4AR00371,793C,SiteB,7401.00.GR.0 FIRE SUPPRESSION SYSTEM,,,,"98,211",609,Eng - Hrs,92%,"98,267",665,17-May-15,,KH21198-01,"97,602",66,6-Apr-15
200,4AR00371,793C,SiteB,7490.00.GR.0 ELECTRONIC MONITORING SYSTEM/PANEL,,,,"98,211","1,624",Eng - Hrs,98%,"98,239","1,652",15-May-15,,KH17891-01,"96,587","3,325",10-Feb-15
200,4AR00371,793C,SiteB,7494.LF.CC.0 PAYLOAD MONITOR SYSTEM,,,,"98,211","98,211",Eng - Hrs,96%,"102,830","102,830",6-Apr-16,,,0,,27-Jan-10
200,4AR00371,793C,SiteB,7494.LR.CC.0 PAYLOAD MONITOR SYSTEM,,,,"98,211","98,211",Eng - Hrs,97%,"100,850","100,850",17-Nov-15,,,0,,27-Jan-10
200,4AR00371,793C,SiteB,7494.RF.CC.0 PAYLOAD MONITOR SYSTEM,,,,"98,211","98,211",Eng - Hrs,96%,"102,830","102,830",6-Apr-16,,,0,,27-Jan-10
200,4AR00371,793C,SiteB,7494.RR.CC.0 PAYLOAD MONITOR SYSTEM,,,,"98,211","2,498",Eng - Hrs,18%,"109,713","14,000",9-Aug-17,,KH15236-01,"95,713","95,713",21-Dec-14
200,4AR00371,793C,SiteB,7510.00.GR.0 GREASE LINES,,,,"98,211","2,227",Eng - Hrs,100%,"98,214","2,230",13-May-15,,KH15984-01,"95,984","1,433",6-Jan-15
200,4AR00371,793C,SiteB,7540.00.GR.0 AUTOMATIC LUBRICATION SYSTEM,,,,"98,211","1,718",Eng - Hrs,99%,"98,228","1,735",14-May-15,,KH17629-01,"96,493","22,577",4-Feb-15
200,4AR00371,793C,SiteB,7600.00.GR.0 MACHINE ELECTRONIC CONTROL & DMS,,,,"98,211","11,398",Eng - Hrs,99%,"98,283","11,470",18-May-15,,KG69658-01,"86,813",340,13-Apr-13
200,4AR00371,793C,SiteB,1353.00.CC.0 RADIATOR,,,,"98,211","7,693",Eng - Hrs,51%,"105,518","15,000",15-Oct-16,,KG85390-01,"90,518",802,29-Dec-13
200,4AR00371,793C,SiteB,3030.00.CC.0 TRANSMISSION,,,,"98,211","2,239",Eng - Hrs,12%,"113,972","18,000",9-Jun-18,,KH15889-1W,"95,972",682,3-Jan-15
200,4AR00371,793C,SiteB,3101.00.CC.0 TORQUE CONVERTER,,,,"98,211","9,728",Eng - Hrs,65%,"103,483","15,000",23-May-16,,KG74764-01,"88,483","18,141",25-Jul-13
200,4AR00371,793C,SiteB,3258.00.CC.0 DIFFERENTIAL,,,,"98,211","18,390",Eng - Hrs,92%,"99,821","20,000",5-Sep-15,,KG41493-01,"79,821","22,523",11-Feb-12
200,4AR00371,793C,SiteB,4050.LR.CC.0 FINAL DRIVE,,,,"98,211","20,702",Eng - Hrs,98%,"98,607","21,098",10-Jun-15,,KG36852-01,"77,509","20,211",25-Sep-11
200,4AR00371,793C,SiteB,4050.RR.CC.0 FINAL DRIVE,,,,"98,211","9,479",Eng - Hrs,47%,"108,732","20,000",1-Jun-17,,KG74917-01,"88,732","31,434",10-Aug-13
200,4AR00371,793C,SiteB,4070.00.PMS.0 FINAL DRIVE OIL/FILTER,,,,"98,211","1,170",Eng - Hrs,23%,"102,041","5,000",10-Feb-16,,KH19203-01,"97,041","5,141",5-Mar-15
200,4AR00371,793C,SiteB,4200.00.GI.0 WHEEL & TIRE,,,,"98,211",104,Eng - Hrs,5%,"100,107","2,000",25-Sep-15,,KH22900-01,"98,107","2,123",6-May-15
200,4AR00371,793C,SiteB,4251.LF.CC.0 BRAKE GRP,,,,"98,211","11,464",Eng - Hrs,72%,"102,747","16,000",31-Mar-16,,KG69168-01,"86,747","5,569",4-Apr-13
200,4AR00371,793C,SiteB,4251.RF.CC.0 BRAKE GRP,,,,"98,211","10,982",Eng - Hrs,69%,"103,229","16,000",4-May-16,,KG68512-01,"87,229","31,402",6-May-13
200,4AR00371,793C,SiteB,426P.00.CC.0 BRAKE CLG & RETRACTION PUMP,,,,"98,211","3,445",Eng - Hrs,23%,"109,766","15,000",13-Aug-17,,KH10708-01,"94,766","2,640",16-Oct-14
200,4AR00371,793C,SiteB,4303.LT.CC.0 STEERING CYLD,,,,"98,211","6,085",Eng - Hrs,41%,"107,126","15,000",6-Feb-17,,KG89987-01,"92,126","43,950",14-Apr-14
200,4AR00371,793C,SiteB,4303.RI.CC.0 STEERING CYLD,,,,"98,211","17,517",Eng - Hrs,99%,"98,357","17,663",23-May-15,,KG44374-01,"80,694","23,396",7-Apr-12
200,4AR00371,793C,SiteB,4305.AL.GI.0 STEERING LINKAGE,,,,"98,211",729,Eng - Hrs,73%,"98,482","1,000",1-Jun-15,,AMT10W0006643,"97,482","1,235",31-Mar-15
200,4AR00371,793C,SiteB,4305.CE.CC.0 STEERING LINKAGE,,,,"98,211","6,085",Eng - Hrs,14%,"137,126","45,000",15-Dec-22,,KG89984-01,"92,126","41,985",14-Apr-14
200,4AR00371,793C,SiteB,4305.LT.CC.0 STEERING LINKAGE,,,,"98,211","6,085",Eng - Hrs,30%,"112,126","20,000",28-Jan-18,,KG89985-01,"92,126","92,126",14-Apr-14
200,4AR00371,793C,SiteB,4305.RI.CC.0 STEERING LINKAGE,,,,"98,211","17,517",Eng - Hrs,88%,"100,694","20,000",6-Nov-15,,KG47764-01,"80,694","80,694",7-Apr-12
200,4AR00371,793C,SiteB,5102.LT.CC.0 HOIST CYLINDER,,,,"98,211","48,821",Eng - Hrs,100%,"98,444","49,054",30-May-15,,AMTKM33075,"49,390","49,390",27-Jan-11
200,4AR00371,793C,SiteB,5102.RI.CC.0 HOIST CYLINDER,,,,"98,211","2,991",Eng - Hrs,12%,"119,220","24,000",18-Jun-19,,KH13442-01,"95,220","45,830",18-Nov-14
200,4AR00371,793C,SiteB,7201.LF.CC.0 SUSPENSION CYLINDER,,,,"98,211","3,308",Eng - Hrs,15%,"116,903","22,000",4-Jan-19,,KH12195-01,"94,903","37,605",27-Oct-14
200,4AR00371,793C,SiteB,7201.RF.CC.0 SUSPENSION CYLINDER,,,,"98,211","41,276",Eng - Hrs,100%,"98,206","41,271",13-May-15,!,AMTKM63530,"56,935","56,935",27-Jan-11
200,4AR00371,793C,SiteB,7213.LR.CC.0 SUSPENSION,,,,"98,211","22,747",Eng - Hrs,98%,"98,681","23,217",15-Jun-15,,KG29025-01,"75,464","21,981",29-May-11
200,4AR00371,793C,SiteB,7213.RR.CC.0 SUSPENSION,,,,"98,211","9,964",Eng - Hrs,45%,"110,247","22,000",16-Sep-17,,KG75714-01,"88,247","30,949",9-Jul-13
200,4AR00371,793C,SiteB,7401.00.GI.0 FIRE SUPPRESSION SYSTEM,,,,"1,567",51,Days,27%,"1,704",188,26-Sep-15,,KH21960-01,"1,516",172,22-Mar-15
200,4AR00371,793C,SiteB,7596.00.PM.PM1 250 HOUR LUBE SERVICE,,,,"98,211","1,170",Eng - Hrs,57%,"99,107","2,066",16-Jul-15,,KH18626-01,"97,041",806,5-Mar-15
200,4AR00371,793C,SiteB,9551.00.PM.PM2 A SERVICE,,,,"98,211",854,Eng - Hrs,43%,"99,357","2,000",3-Aug-15,,KH19656-01,"97,357","2,138",22-Mar-15
200,4AR00371,793C,SiteB,7596.00.PM.PM3 250 HOUR LUBE SERVICE,,,,"98,211",609,Eng - Hrs,30%,"99,607","2,005",20-Aug-15,,KH20601-01,"97,602","2,174",6-Apr-15
200,4AR00371,793C,SiteB,9552.00.PM.PM4 B SERVICE,,,,"98,211",354,Eng - Hrs,18%,"99,857","2,000",7-Sep-15,,KH21501-01,"97,857","2,144",20-Apr-15
200,4AR00371,793C,SiteB,7596.00.PM.PM5 250 HOUR LUBE SERVICE,,,,"98,211",104,Eng - Hrs,5%,"100,107","2,000",25-Sep-15,,KH22392-01,"98,107","2,123",6-May-15
200,4AR00371,793C,SiteB,9553.00.PM.PM6 C SERVICE,,,,"98,211","1,976",Eng - Hrs,93%,"98,357","2,122",23-May-15,,KH16354-01,"96,235","1,890",20-Jan-15
200,4AR00371,793C,SiteB,7596.00.PM.PM7 250 HOUR LUBE SERVICE,,,,"98,211","1,717",Eng - Hrs,81%,"98,607","2,113",10-Jun-15,,KH17129-01,"96,494","1,962",4-Feb-15
200,4AR00371,793C,SiteB,9554.00.PM.PM8 D SERVICE,,,,"98,211","1,435",Eng - Hrs,69%,"98,857","2,081",28-Jun-15,,KH17910-01,"96,776","2,010",19-Feb-15
201,4AR00372,793C,SiteB,1000.00.CC.0 ENGINE,B1,"12,958",86%,"99,039","12,958",Eng - Hrs,86%,"101,081","15,000",4-Oct-15,,KG59718-01,"86,081","14,003",5-Jan-13
201,4AR00372,793C,SiteB,1355.00.CC.0 THERMOSTAT/WATER TEMPERATURE REGULATOR,B2,"4,791",64%,"99,039","4,791",Eng - Hrs,33%,"108,581","14,333",17-Mar-17,,KH05043-01,"94,248","9,716",6-Jul-14
201,4AR00372,793C,SiteB,1405.00.CC.0 ALTERNATOR,B2,"2,428",32%,"99,039","2,428",Eng - Hrs,20%,"108,581","11,970",17-Mar-17,,KH15222-01,"96,611","4,032",18-Dec-14
201,4AR00372,793C,SiteB,1802.00.CC.0 REFRIGERANT COMPRESSOR,B2,376,103%,"1,567",376,Days,42%,"2,077",886,3-Oct-16,,KH01778-01,"1,191",481,1-May-14
201,4AR00372,793C,SiteB,7312.00.CC.0 OPERATOR SEAT,C1,508,8%,"99,039",508,Eng - Hrs,8%,"104,531","6,000",4-Jun-16,,KH21057-01,"98,531","7,890",10-Apr-15
201,4AR00372,793C,SiteB,7327.00.CC.0 SEAT BELTS,C2,508,17%,"99,039","13,524",Eng - Hrs,84%,"101,531","16,016",5-Nov-15,,,"98,531",,10-Apr-15
201,4AR00372,793C,SiteB,3253.00.CC.0 DRIVESHAFT,D1,"10,131",84%,"99,039","10,131",Eng - Hrs,84%,"100,908","12,000",22-Sep-15,,KG74402-01,"88,908","5,792",26-Jun-13
201,4AR00372,793C,SiteB,3251.00.CC.0 UNIVERSAL JOINT,D2,"4,308",72%,"99,039","4,308",Eng - Hrs,72%,"100,731","6,000",9-Sep-15,,KH07274-01,"94,731","9,452",9-Aug-14
201,4AR00372,793C,SiteB,4307.00.CC.0 STEERING VALVE,S1,"12,586",42%,"99,039","12,586",Eng - Hrs,42%,"116,453","30,000",25-Sep-18,,KG65189-01,"86,453","86,453",30-Jan-13
201,4AR00372,793C,SiteB,4307.00.RS.0 STEERING VALVE,S2,"12,586",84%,"99,039","99,039",Eng - Hrs,98%,"101,453","101,453",31-Oct-15,,,"86,453",,30-Jan-13
201,4AR00372,793C,SiteB,1000.00.GR.0 ENGINE,,,,"99,039","1,580",Eng - Hrs,96%,"99,112","1,653",18-May-15,,KH17741-01,"97,459",306,6-Feb-15
201,4AR00372,793C,SiteB,1050.00.GR.0 AIR INDUCTION & EXHAUST SYSTEM,,,,"99,039","1,974",Eng - Hrs,100%,"99,047","1,982",13-May-15,,KH16477-01,"97,065",717,14-Jan-15
201,4AR00372,793C,SiteB,1052.LF.CC.0 TURBOCHARGER,,,,"99,039","19,587",Eng - Hrs,98%,"99,402","19,950",8-Jun-15,,KG40266-01,"79,452","79,452",24-Nov-11
201,4AR00372,793C,SiteB,1052.LR.CC.0 TURBOCHARGER,,,,"99,039","13,871",Eng - Hrs,92%,"100,168","15,000",1-Aug-15,,KG60058-01,"85,168","85,168",11-Nov-12
201,4AR00372,793C,SiteB,1052.RF.CC.0 TURBOCHARGER,,,,"99,039","99,039",Eng - Hrs,95%,"103,835","103,835",16-Apr-16,,,0,,27-Jan-10
201,4AR00372,793C,SiteB,1052.RR.CC.0 TURBOCHARGER,,,,"99,039","99,039",Eng - Hrs,95%,"103,835","103,835",16-Apr-16,,,0,,27-Jan-10
201,4AR00372,793C,SiteB,1054.IN.CC.0 AIR FILTER ELEMENT,,,,"99,039","1,030",Eng - Hrs,103%,"99,009","1,000",11-May-15,!,KH19554-01,"98,009","1,098",11-Mar-15
201,4AR00372,793C,SiteB,1054.OU.CC.0 AIR FILTER ELEMENT,,,,"99,039",508,Eng - Hrs,102%,"99,031",500,12-May-15,!,KH21380-01,"98,531",522,10-Apr-15
201,4AR00372,793C,SiteB,1062.00.GR.0 MUFFLER,,,,"99,039","99,039",Eng - Hrs,99%,"100,000","100,000",20-Jul-15,,,0,,27-Jan-10
201,4AR00372,793C,SiteB,1100.00.GR.0 CYLINDER HEAD ASSEMBLY,,,,"99,039",897,Eng - Hrs,18%,"103,142","5,000",27-Feb-16,,KH20031-01,"98,142",133,19-Mar-15
201,4AR00372,793C,SiteB,1105.00.PMS.0 INLET/EXHAUST VALVE,,,,"99,039","3,156",Eng - Hrs,79%,"99,883","4,000",12-Jul-15,,KH12700-01,"95,883","1,635",1-Nov-14
201,4AR00372,793C,SiteB,1239.00.CC.0 CYLINDER PACK,,,,"99,039","1,886",Eng - Hrs,22%,"105,653","8,500",22-Aug-16,,KH16469-01,"97,153",0,19-Jan-15
201,4AR00372,793C,SiteB,1250.00.GR.0 FUEL SYSTEM,,,,"99,039","1,800",Eng - Hrs,12%,"112,239","15,000",1-Dec-17,,KH17103-01,"97,239",628,26-Jan-15
201,4AR00372,793C,SiteB,1273.00.GR.0 FUEL TANK,,,,"99,039","2,428",Eng - Hrs,98%,"99,089","2,478",16-May-15,,KH15212-01,"96,611",728,18-Dec-14
201,4AR00372,793C,SiteB,1290.00.GR.0 UNIT INJECTOR,,,,"99,039","1,955",Eng - Hrs,65%,"100,084","3,000",26-Jul-15,,KH16483-01,"97,084",173,15-Jan-15
201,4AR00372,793C,SiteB,1302.00.GR.0 ENGINE OIL PAN,,,,"99,039","2,199",Eng - Hrs,99%,"99,070","2,230",15-May-15,,KH15780-01,"96,840",732,2-Jan-15
201,4AR00372,793C,SiteB,1306.00.GR.0 ENGINE OIL FILTER HOUSING/BASE,,,,"99,039","99,039",Eng - Hrs,100%,"99,050","99,050",14-May-15,,,0,,27-Jan-11
201,4AR00372,793C,SiteB,1307.00.GR.0 ENGINE OIL LINES,,,,"99,039","1,189",Eng - Hrs,96%,"99,090","1,240",16-May-15,,KH18940-01,"97,850",37,1-Mar-15
201,4AR00372,793C,SiteB,1319.00.CC.0 PRELUBRICATION PUMP,,,,"99,039","6,518",Eng - Hrs,87%,"100,021","7,500",21-Jul-15,,KG89181-01,"92,521",425,5-Mar-14
201,4AR00372,793C,SiteB,1350.00.GR.0 ENGINE COOLING SYSTEM,,,,"99,039",173,Eng - Hrs,69%,"99,116",250,18-May-15,,KH22592-01,"98,866",6,1-May-15
201,4AR00372,793C,SiteB,1352.00.PMS.0 COOLANT /CONDITIONER,,,,"99,039",730,Eng - Hrs,88%,"99,139",830,20-May-15,,KH20708-01,"98,309",118,28-Mar-15
201,4AR00372,793C,SiteB,1352.00.PMS.MAJOR COOLANT /CONDITIONER,,,,"99,039","99,039",Eng - Hrs,97%,"101,855","101,855",28-Nov-15,,,0,,27-Jan-10
201,4AR00372,793C,SiteB,1353.00.GR.0 RADIATOR,,,,"99,039",415,Eng - Hrs,100%,"99,039",415,13-May-15,!,KH21661-01,"98,624","2,114",15-Apr-15
201,4AR00372,793C,SiteB,1359.00.CC.0 FAN DRIVE,,,,"99,039","12,958",Eng - Hrs,87%,"101,006","14,925",29-Sep-15,,KG63517-01,"86,081","16,083",5-Jan-13
201,4AR00372,793C,SiteB,1361.00.CC.0 WATER PUMP,,,,"99,039","5,326",Eng - Hrs,36%,"108,713","15,000",27-Mar-17,,KH03156-01,"93,713","9,101",27-May-14
201,4AR00372,793C,SiteB,1361.00.GR.0 WATER PUMP,,,,"99,039","9,825",Eng - Hrs,100%,"99,034","9,820",13-May-15,!,KG75621-01,"89,214","14,640",17-Jul-13
201,4AR00372,793C,SiteB,1363.00.CC.0 AFTERCOOLER WATER PUMP,,,,"99,039","6,222",Eng - Hrs,41%,"107,817","15,000",22-Jan-17,,KG90275-01,"92,817","8,285",24-Mar-14
201,4AR00372,793C,SiteB,1363.00.GR.0 AFTERCOOLER WATER PUMP,,,,"99,039","14,007",Eng - Hrs,100%,"99,060","14,028",14-May-15,,KG59565-01,"85,032","4,456",3-Nov-12
201,4AR00372,793C,SiteB,1365.AOC.CC.0 BRK OIL COOLER,,,,"99,039","99,039",Eng - Hrs,100%,"99,120","99,120",19-May-15,,,0,,27-Jan-10
201,4AR00372,793C,SiteB,1365.FR.CC.0 BRK OIL COOLER,,,,"99,039","15,754",Eng - Hrs,98%,"99,285","16,000",30-May-15,,KG53078-01,"83,285","83,285",13-Jul-12
201,4AR00372,793C,SiteB,1365.RE.CC.0 BRK OIL COOLER,,,,"99,039","15,754",Eng - Hrs,98%,"99,285","16,000",30-May-15,,KG53045-01,"83,285","83,285",13-Jul-12
201,4AR00372,793C,SiteB,1378.00.GR.0 ENGINE OIL COOLER,,,,"99,039","2,128",Eng - Hrs,99%,"99,059","2,148",14-May-15,,KH15938-01,"96,911","1,437",5-Jan-15
201,4AR00372,793C,SiteB,1380.00.GR.0 COOLANT HOSE/LINES,,,,"99,039",250,Eng - Hrs,100%,"99,039",250,13-May-15,!,KH21263-01,"98,789",165,26-Apr-15
201,4AR00372,793C,SiteB,1400.00.GR.0 ELECTRIC SYSTEM,,,,"99,039",36,Eng - Hrs,15%,"99,253",250,28-May-15,,KH23260-01,"99,003",214,11-May-15
201,4AR00372,793C,SiteB,1401.00.CC.0 BATTERY,,,,"99,039","4,544",Eng - Hrs,38%,"106,495","12,000",21-Oct-16,,KH06519-01,"94,495","1,916",23-Jul-14
201,4AR00372,793C,SiteB,1408.00.GR.0 WIRING HARNESS/HV CABLE,,,,"99,039","1,987",Eng - Hrs,100%,"99,035","1,983",13-May-15,!,KH16402-01,"97,052","1,636",14-Jan-15
201,4AR00372,793C,SiteB,1429.00.GR.0 LIGHT(S),,,,"99,039",759,Eng - Hrs,92%,"99,108",828,18-May-15,,KH20555-01,"98,280",271,26-Mar-15
201,4AR00372,793C,SiteB,1451.00.CC.0 AIR STARTING MOTOR,,,,"99,039",677,Eng - Hrs,5%,"113,362","15,000",18-Feb-18,,KH20862-01,"98,362","4,596",31-Mar-15
201,4AR00372,793C,SiteB,1451.00.GR.0 AIR STARTING MOTOR,,,,"99,039",508,Eng - Hrs,88%,"99,111",580,18-May-15,,AMT10W0007505,"98,531","9,705",10-Apr-15
201,4AR00372,793C,SiteB,1803.00.CC.0 AIR COMPRESSOR,,,,"99,039","18,375",Eng - Hrs,93%,"100,524","19,860",26-Aug-15,,KG44109-01,"80,664","4,205",6-Feb-12
201,4AR00372,793C,SiteB,1919.00.CC.0 EXHAUST TEMPERATUR SENSOR,,,,"99,039","99,039",Eng - Hrs,100%,"99,050","99,050",14-May-15,,,0,,27-Jan-11
201,4AR00372,793C,SiteB,3000.00.GR.0 TRANSMISSION & DRIVE LINE,,,,"99,039",250,Eng - Hrs,100%,"99,039",250,13-May-15,!,KH22296-01,"98,789",939,26-Apr-15
201,4AR00372,793C,SiteB,3101.00.GR.0 TORQUE CONVERTER,,,,"99,039",508,Eng - Hrs,88%,"99,111",580,18-May-15,,KH21414-01,"98,531","2,648",10-Apr-15
201,4AR00372,793C,SiteB,3108.00.CC.0 PUMP DRIVE GRP,,,,"99,039","7,444",Eng - Hrs,47%,"107,595","16,000",7-Jan-17,,KG84340-01,"91,595","34,222",4-Jan-14
201,4AR00372,793C,SiteB,3115.00.CC.0 TC/TRANS SCAVENGE PUMP,,,,"99,039",393,Eng - Hrs,2%,"114,646","16,000",20-May-18,,KH21761-01,"98,646","8,378",17-Apr-15
201,4AR00372,793C,SiteB,3138.00.CC.0 TORQUE CONVERTER&PARKING BRAKE PUMP,,,,"99,039","99,039",Eng - Hrs,98%,"101,120","101,120",7-Oct-15,,,0,,27-Jan-10
201,4AR00372,793C,SiteB,3154.00.GR.0 TRANSMISSION LINES/HOSES,,,,"99,039",250,Eng - Hrs,100%,"99,039",250,13-May-15,!,KH21351-01,"98,789",496,26-Apr-15
201,4AR00372,793C,SiteB,3250.00.CC.0 DRIVE LINE/DRIVE AXLE,,,,"99,039","6,220",Eng - Hrs,6%,"192,819","100,000",6-Jul-33,,KG90345-01,"92,819","92,819",25-Mar-14
201,4AR00372,793C,SiteB,3251.AX.CC.0 UNIVERSAL JOINT,,,,"99,039","6,518",Eng - Hrs,87%,"100,021","7,500",21-Jul-15,,KG89165-01,"92,521","2,058",5-Mar-14
201,4AR00372,793C,SiteB,3258.00.GR.0 DIFFERENTIAL,,,,"99,039","6,258",Eng - Hrs,100%,"99,053","6,272",14-May-15,,KG90170-01,"92,781","11,897",22-Mar-14
201,4AR00372,793C,SiteB,3258.00.PMS.0 DIFFERENTIAL,,,,"99,039",746,Eng - Hrs,12%,"104,293","6,000",18-May-16,,KH20300-01,"98,293","7,396",27-Mar-15
201,4AR00372,793C,SiteB,3260.00.CC.0 AXLE HOUSING ASSEMBLY,,,,"99,039","10,131",Eng - Hrs,46%,"110,908","22,000",29-Aug-17,,KG73803-01,"88,908","88,908",26-Jun-13
201,4AR00372,793C,SiteB,3260.00.GR.0 AXLE HOUSING ASSEMBLY,,,,"99,039","1,580",Eng - Hrs,96%,"99,112","1,653",18-May-15,,KH17718-01,"97,459","4,116",6-Feb-15
201,4AR00372,793C,SiteB,4011.00.GR.0 FINAL DRIVE & BRAKE,,,,"99,039","4,705",Eng - Hrs,100%,"99,039","4,705",13-May-15,!,KH05788-01,"94,334","15,301",12-Jul-14
201,4AR00372,793C,SiteB,4215.LF.CC.0 WHEELHUB ASSEMBLY,,,,"99,039","2,692",Eng - Hrs,15%,"114,347","18,000",29-Apr-18,,KH08936-01,"96,347","18,905",2-Dec-14
201,4AR00372,793C,SiteB,4215.RF.CC.0 WHEELHUB ASSEMBLY,,,,"99,039","4,047",Eng - Hrs,22%,"112,992","18,000",23-Jan-18,,KH08642-01,"94,992",0,29-Aug-14
201,4AR00372,793C,SiteB,4250.00.GR.0 BRAKING SYSTEM,,,,"99,039",250,Eng - Hrs,100%,"99,039",250,13-May-15,!,KH21543-01,"98,789",496,26-Apr-15
201,4AR00372,793C,SiteB,4251.LF.CC.0 BRAKE GRP,,,,"99,039","15,754",Eng - Hrs,98%,"99,285","16,000",30-May-15,,KG48527-01,"83,285","32,224",13-Jul-12
201,4AR00372,793C,SiteB,4251.RF.CC.0 BRAKE GRP,,,,"99,039","15,754",Eng - Hrs,98%,"99,285","16,000",30-May-15,,KG53092-01,"83,285","10,623",13-Jul-12
201,4AR00372,793C,SiteB,4257.00.GR.0 BRAKE LINES,,,,"99,039",250,Eng - Hrs,100%,"99,039",250,13-May-15,!,KH22297-01,"98,789",258,26-Apr-15
201,4AR00372,793C,SiteB,4261.00.CC.0 BRAKE/SLACK ADJUSTER,,,,"99,039","99,039",Eng - Hrs,100%,"99,139","99,139",20-May-15,,,0,,27-Jan-10
201,4AR00372,793C,SiteB,4261.FR.CC.0 BRAKE/SLACK ADJUSTER,,,,"99,039",508,Eng - Hrs,8%,"104,531","6,000",4-Jun-16,,KH21164-01,"98,531","6,170",10-Apr-15
201,4AR00372,793C,SiteB,4261.RE.CC.0 BRAKE/SLACK ADJUSTER,,,,"99,039","1,312",Eng - Hrs,22%,"103,727","6,000",8-Apr-16,,KH18254-01,"97,727","7,022",22-Feb-15
201,4AR00372,793C,SiteB,426P.00.CC.0 BRAKE CLG & RETRACTION PUMP,,,,"99,039","7,444",Eng - Hrs,50%,"106,595","15,000",28-Oct-16,,KG84338-01,"91,595","23,068",4-Jan-14
201,4AR00372,793C,SiteB,4277.LF.CC.0 BRAKE AIR OVER HYDRAULIC CYLINDER,,,,"99,039","8,142",Eng - Hrs,51%,"106,897","16,000",18-Nov-16,,KG81995-01,"90,897","16,323",4-Nov-13
201,4AR00372,793C,SiteB,4277.LR.CC.0 BRAKE AIR OVER HYDRAULIC CYLINDER,,,,"99,039","8,142",Eng - Hrs,51%,"106,897","16,000",18-Nov-16,,KG82344-01,"90,897","16,323",4-Nov-13
201,4AR00372,793C,SiteB,4277.RF.CC.0 BRAKE AIR OVER HYDRAULIC CYLINDER,,,,"99,039","5,296",Eng - Hrs,33%,"109,743","16,000",7-Jun-17,,KH03060-01,"93,743","16,071",30-May-14
201,4AR00372,793C,SiteB,4277.RR.CC.0 BRAKE AIR OVER HYDRAULIC CYLINDER,,,,"99,039","5,296",Eng - Hrs,33%,"109,743","16,000",7-Jun-17,,KH03061-01,"93,743","16,071",30-May-14
201,4AR00372,793C,SiteB,4280.00.CC.0 BRAKE AIR RELAY VALVE,,,,"99,039","1,580",Eng - Hrs,26%,"103,459","6,000",20-Mar-16,,KH17717-01,"97,459","6,562",6-Feb-15
201,4AR00372,793C,SiteB,4285.00.PMS.0 AIR DRYER,,,,"99,039","1,312",Eng - Hrs,100%,"99,039","1,312",13-May-15,!,KH18001-01,"97,727","1,380",22-Feb-15
201,4AR00372,793C,SiteB,4300.00.GR.0 STEERING SYSTEM,,,,"99,039","4,047",Eng - Hrs,100%,"99,037","4,045",13-May-15,!,KH08637-01,"94,992","2,101",29-Aug-14
201,4AR00372,793C,SiteB,4303.00.GR.0 STEERING CYLD,,,,"99,039","99,039",Eng - Hrs,100%,"99,050","99,050",14-May-15,,,0,,27-Jan-11
201,4AR00372,793C,SiteB,4304.00.CC.0 STEERING LINES/HOSES,,,,"99,039","12,958",Eng - Hrs,86%,"101,081","15,000",4-Oct-15,,KG63378-01,"86,081","28,708",5-Jan-13
201,4AR00372,793C,SiteB,4304.00.GR.0 STEERING LINES/HOSES,,,,"99,039","5,696",Eng - Hrs,100%,"99,038","5,695",13-May-15,!,KH01662-01,"93,343",752,29-Apr-14
201,4AR00372,793C,SiteB,4305.00.GR.0 STEERING LINKAGE,,,,"99,039","7,639",Eng - Hrs,100%,"99,075","7,675",15-May-15,,KG84945-01,"91,400","5,344",19-Dec-13
201,4AR00372,793C,SiteB,4306.00.CC.0 STEERING PUMP,,,,"99,039","11,108",Eng - Hrs,69%,"103,931","16,000",23-Apr-16,,KG66714-01,"87,931","21,741",28-Apr-13
201,4AR00372,793C,SiteB,4312.00.CC.0 HMU,,,,"99,039","11,108",Eng - Hrs,56%,"107,931","20,000",30-Jan-17,,KG70495-01,"87,931","1,478",28-Apr-13
201,4AR00372,793C,SiteB,4331.FR.CC.0 STEERING ACCUMULATOR,,,,"99,039","2,931",Eng - Hrs,18%,"112,108","16,000",22-Nov-17,,KH13451-01,"96,108","13,484",18-Nov-14
201,4AR00372,793C,SiteB,4331.RE.CC.0 STEERING ACCUMULATOR,,,,"99,039","5,296",Eng - Hrs,33%,"109,743","16,000",7-Jun-17,,KH03430-01,"93,743","15,711",30-May-14
201,4AR00372,793C,SiteB,5050.00.GR.0 HYDRAULIC SYSTEM,,,,"99,039","1,171",Eng - Hrs,94%,"99,108","1,240",18-May-15,,KH19142-01,"97,868","3,284",4-Mar-15
201,4AR00372,793C,SiteB,5057.00.GR.0 HYDRAULIC HOSE/LINES,,,,"99,039","1,030",Eng - Hrs,96%,"99,084","1,075",16-May-15,,KH19621-01,"98,009",0,11-Mar-15
201,4AR00372,793C,SiteB,5083.00.CC.0 HYDRAULIC HOIST PUMP,,,,"99,039","10,380",Eng - Hrs,69%,"103,659","15,000",3-Apr-16,,KG69996-01,"88,659","15,997",11-Jun-13
201,4AR00372,793C,SiteB,5102.LT.CC.0 HOIST CYLINDER,,,,"99,039","5,647",Eng - Hrs,24%,"117,392","24,000",30-Nov-18,,KH01591-01,"93,392","35,431",4-May-14
201,4AR00372,793C,SiteB,5102.MT.GI.0 HOIST CYLINDER,,,,"99,039","1,030",Eng - Hrs,34%,"101,009","3,000",29-Sep-15,,KH19601-01,"98,009","4,481",11-Mar-15
201,4AR00372,793C,SiteB,5102.RI.CC.0 HOIST CYLINDER,,,,"99,039","5,696",Eng - Hrs,24%,"117,343","24,000",27-Nov-18,,KG89486-01,"93,343","42,889",29-Apr-14
201,4AR00372,793C,SiteB,5505.00.GR.0 AIR RECEIVER/TANK,,,,"99,039","17,748",Eng - Hrs,44%,"121,291","40,000",2-Sep-19,,KG46323-01,"81,291","81,291",14-Mar-12
201,4AR00372,793C,SiteB,7050.00.GI.0 FRAME,,,,"99,039",250,Eng - Hrs,100%,"99,039",250,13-May-15,!,KH22313-01,"98,789",258,26-Apr-15
201,4AR00372,793C,SiteB,7050.00.GR.0 FRAME,,,,"99,039","3,565",Eng - Hrs,98%,"99,106","3,632",18-May-15,,KH10657-01,"95,474",482,1-Oct-14
201,4AR00372,793C,SiteB,7201.00.GR.0 SUSPENSION CYLINDER,,,,"99,039","2,692",Eng - Hrs,99%,"99,072","2,725",15-May-15,,KH14259-01,"96,347","1,355",2-Dec-14
201,4AR00372,793C,SiteB,7201.00.PMS.0 SUSPENSION CYLINDER,,,,"99,039","1,949",Eng - Hrs,65%,"100,090","3,000",26-Jul-15,,KH16535-01,"97,090",743,16-Jan-15
201,4AR00372,793C,SiteB,7203.00.CC.0 PANHARD/STABILIZER ROD/DOGBONE,,,,"99,039","22,580",Eng - Hrs,91%,"101,359","24,900",24-Oct-15,,KG29102-01,"76,459","76,459",30-May-11
201,4AR00372,793C,SiteB,7250.00.GR.0 BODY,,,,"99,039",530,Eng - Hrs,91%,"99,089",580,16-May-15,,KH21273-1E,"98,509",216,8-Apr-15
201,4AR00372,793C,SiteB,7253.00.GR.0 PLATFORM/DECK,,,,"99,039","3,794",Eng - Hrs,100%,"99,042","3,797",13-May-15,,KH09744-01,"95,245",514,17-Sep-14
201,4AR00372,793C,SiteB,7254.00.CC.0 LADDER/STEP,,,,"99,039","12,958",Eng - Hrs,98%,"99,331","13,250",3-Jun-15,,KG63377-01,"86,081","86,081",5-Jan-13
201,4AR00372,793C,SiteB,7254.00.GR.0 LADDER/STEP,,,,"99,039",508,Eng - Hrs,88%,"99,111",580,18-May-15,,KH21390-01,"98,531",238,10-Apr-15
201,4AR00372,793C,SiteB,7256.00.GR.0 HANDHOLD,,,,"99,039",746,Eng - Hrs,100%,"99,038",745,13-May-15,!,KH20647-01,"98,293","2,877",27-Mar-15
201,4AR00372,793C,SiteB,7258.00.GR.0 DUMP BODY,,,,"99,039",110,Eng - Hrs,44%,"99,179",250,23-May-15,,KH22521-01,"98,929",118,5-May-15
201,4AR00372,793C,SiteB,7258.00.RI.0 DUMP BODY,,,,"99,039","15,761",Eng - Hrs,91%,"100,678","17,400",6-Sep-15,,KG52727-01,"83,278","83,278",8-Jul-12
201,4AR00372,793C,SiteB,7305.00.GR.0 WINDSHIELD WIPER,,,,"99,039",513,Eng - Hrs,88%,"99,106",580,18-May-15,,KH21335-01,"98,526","1,067",9-Apr-15
201,4AR00372,793C,SiteB,7309.00.GI.0 HEATER & AIR CONDITIONER,,,,"1,567",113,Days,31%,"1,819",365,19-Jan-16,,KH16713-01,"1,454",345,19-Jan-15
201,4AR00372,793C,SiteB,7319.00.GR.0 MIRROR,,,,"99,039","1,179",Eng - Hrs,95%,"99,100","1,240",17-May-15,,KH19088-01,"97,860","7,821",4-Mar-15
201,4AR00372,793C,SiteB,7320.00.GR.0 AIR CONDITIONER,,,,"99,039",254,Eng - Hrs,102%,"99,035",250,13-May-15,!,KH22270-01,"98,785","1,386",25-Apr-15
201,4AR00372,793C,SiteB,7325.00.GR.0 ROPS/FOPS CAB,,,,"99,039",746,Eng - Hrs,100%,"99,038",745,13-May-15,!,KH20643-01,"98,293",0,27-Mar-15
201,4AR00372,793C,SiteB,7338.00.RI.0 RADIO,,,,"99,039","13,326",Eng - Hrs,88%,"100,793","15,080",14-Sep-15,,KG62083-01,"85,713","1,326",12-Dec-12
201,4AR00372,793C,SiteB,7342.00.CC.0 CAB AIR FILTER,,,,"99,039",415,Eng - Hrs,83%,"99,124",500,19-May-15,,KH21660-01,"98,624",93,15-Apr-15
201,4AR00372,793C,SiteB,7348.00.GR.0 CAMERA,,,,"99,039","99,039",Eng - Hrs,100%,"99,050","99,050",14-May-15,,,0,,27-Jan-10
201,4AR00372,793C,SiteB,7401.00.CC.MAJOR FIRE SUPPRESSION SYSTEM,,,,"99,039","10,131",Eng - Hrs,29%,"123,908","35,000",5-Mar-20,,KG77925-01,"88,908","12,208",26-Jun-13
201,4AR00372,793C,SiteB,7401.00.GR.0 FIRE SUPPRESSION SYSTEM,,,,"99,039",411,Eng - Hrs,82%,"99,128",500,19-May-15,,KH21684-01,"98,628",97,16-Apr-15
201,4AR00372,793C,SiteB,7490.00.GR.0 ELECTRONIC MONITORING SYSTEM/PANEL,,,,"99,039","1,580",Eng - Hrs,96%,"99,112","1,653",18-May-15,,KH17739-01,"97,459","4,093",6-Feb-15
201,4AR00372,793C,SiteB,7494.LF.CC.0 PAYLOAD MONITOR SYSTEM,,,,"99,039","99,039",Eng - Hrs,95%,"103,835","103,835",16-Apr-16,,,0,,27-Jan-10
201,4AR00372,793C,SiteB,7494.LR.CC.0 PAYLOAD MONITOR SYSTEM,,,,"99,039","99,039",Eng - Hrs,97%,"101,855","101,855",28-Nov-15,,,0,,27-Jan-10
201,4AR00372,793C,SiteB,7494.RF.CC.0 PAYLOAD MONITOR SYSTEM,,,,"99,039","99,039",Eng - Hrs,95%,"103,835","103,835",16-Apr-16,,,0,,27-Jan-10
201,4AR00372,793C,SiteB,7494.RR.CC.0 PAYLOAD MONITOR SYSTEM,,,,"99,039","99,039",Eng - Hrs,97%,"101,855","101,855",28-Nov-15,,,0,,27-Jan-10
201,4AR00372,793C,SiteB,7510.00.GR.0 GREASE LINES,,,,"99,039","1,580",Eng - Hrs,96%,"99,112","1,653",18-May-15,,KH17731-01,"97,459","6,799",6-Feb-15
201,4AR00372,793C,SiteB,7540.00.GR.0 AUTOMATIC LUBRICATION SYSTEM,,,,"99,039","1,886",Eng - Hrs,99%,"99,053","1,900",14-May-15,,KH16815-01,"97,153","2,461",19-Jan-15
201,4AR00372,793C,SiteB,7600.00.GR.0 MACHINE ELECTRONIC CONTROL & DMS,,,,"99,039","4,536",Eng - Hrs,100%,"99,043","4,540",13-May-15,,KH06566-01,"94,503","1,924",24-Jul-14
201,4AR00372,793C,SiteB,1353.00.CC.0 RADIATOR,,,,"99,039","12,958",Eng - Hrs,86%,"101,081","15,000",4-Oct-15,,KG63379-01,"86,081","16,926",5-Jan-13
201,4AR00372,793C,SiteB,3030.00.CC.0 TRANSMISSION,,,,"99,039","1,189",Eng - Hrs,7%,"115,850","18,000",13-Aug-18,,KH19035-01,"97,850","12,571",1-Mar-15
201,4AR00372,793C,SiteB,3101.00.CC.0 TORQUE CONVERTER,,,,"99,039","8,771",Eng - Hrs,58%,"105,268","15,000",26-Jul-16,,KG74763-01,"90,268","16,222",15-Sep-13
201,4AR00372,793C,SiteB,3258.00.CC.0 DIFFERENTIAL,,,,"99,039","6,220",Eng - Hrs,31%,"112,819","20,000",11-Jan-18,,KG77181-01,"92,819","21,141",25-Mar-14
201,4AR00372,793C,SiteB,4050.LR.CC.0 FINAL DRIVE,,,,"99,039","15,754",Eng - Hrs,79%,"103,285","20,000",8-Mar-16,,KG53327-01,"83,285","7,360",13-Jul-12
T187,SSP00662,793F,SiteC,4250.00.GR.0 BRAKING SYSTEM,,,,"11,993","1,207",Eng - Hrs,97%,"12,026","1,240",15-May-15,,BB66913-01,"10,786","1,943",7-Mar-15
T187,SSP00662,793F,SiteC,4250.VL.GR.0 BRAKING SYSTEM,,,,"11,993","2,643",Eng - Hrs,18%,"24,350","15,000",19-May-17,,BB63305-01,"9,350","9,350",12-Dec-14
T187,SSP00662,793F,SiteC,4251.00.GR.0 BRAKE GRP,,,,"11,993",800,Eng - Hrs,40%,"13,193","2,000",24-Jul-15,,BB67749-01,"11,193","6,802",29-Mar-15
T187,SSP00662,793F,SiteC,4251.LF.CC.0 BRAKE GRP,,,,"11,993","11,993",Eng - Hrs,75%,"16,000","16,000",7-Jan-16,,,0,,18-May-13
T187,SSP00662,793F,SiteC,4251.RF.CC.0 BRAKE GRP,,,,"11,993","11,993",Eng - Hrs,75%,"16,000","16,000",7-Jan-16,,,0,,18-May-13
T187,SSP00662,793F,SiteC,4257.00.GR.0 BRAKE LINES,,,,"11,993","6,478",Eng - Hrs,98%,"12,155","6,640",23-May-15,,BB52105-01,"5,515",0,30-Apr-14
T187,SSP00662,793F,SiteC,4261.FR.CC.0 BRAKE/SLACK ADJUSTER,,,,"11,993","11,993",Eng - Hrs,75%,"16,000","16,000",7-Jan-16,,,0,,18-May-13
T187,SSP00662,793F,SiteC,4261.RE.CC.0 BRAKE/SLACK ADJUSTER,,,,"11,993","11,993",Eng - Hrs,75%,"16,000","16,000",7-Jan-16,,,0,,18-May-13
T187,SSP00662,793F,SiteC,4263.00.CC.0 BRAKE ACCUMULATOR,,,,"11,993","11,993",Eng - Hrs,75%,"16,000","16,000",7-Jan-16,,,0,,18-May-13
T187,SSP00662,793F,SiteC,4263.00.GR.0 BRAKE ACCUMULATOR,,,,"11,993","3,150",Eng - Hrs,35%,"17,843","9,000",26-Apr-16,,BB61564-01,"8,843","7,399",3-Nov-14
T187,SSP00662,793F,SiteC,4265.00.CC.0 SERVICE BRAKE CONTROL VALVE,,,,"11,993","11,993",Eng - Hrs,80%,"15,000","15,000",8-Nov-15,,,0,,18-May-13
T187,SSP00662,793F,SiteC,4268.00.GR.0 BRAKE PUMP,,,,"11,993","9,611",Eng - Hrs,80%,"14,352","11,970",1-Oct-15,,BB38976-01,"2,382","2,382",2-Oct-13
T187,SSP00662,793F,SiteC,4295.00.GR.0 BRAKE OIL FILTER/SCREEN,,,,"11,993","1,169",Eng - Hrs,58%,"12,824","2,000",1-Jul-15,,BB65781-1W,"10,824","10,824",9-Mar-15
T187,SSP00662,793F,SiteC,4300.00.GR.0 STEERING SYSTEM,,,,"11,993",490,Eng - Hrs,98%,"12,001",498,13-May-15,,BB68425-01,"11,503",279,15-Apr-15
T187,SSP00662,793F,SiteC,4303.00.GR.0 STEERING CYLD,,,,"11,993","11,993",Eng - Hrs,93%,"12,900","12,900",6-Jul-15,,,0,,18-May-13
